역번호,호선,역명,LAT,LON
150,1,서울,37.55315,126.972533
151,1,시청,37.56359,126.975407
152,1,종각,37.570203,126.983116
153,1,종로3가,37.570429,126.992095
154,1,종로5가,37.570971,127.0019
155,1,동대문,37.565145,127.00789
156,1,신설동,37.576117,127.02471
157,1,제기동,37.578116,127.034902
158,1,청량리,37.580148,127.045063
159,1,동묘앞,37.573265,127.016459
1002,1,남영,37.541475,126.97133
1003,1,용산,37.529521,126.96454
1004,1,노량진,37.514162,126.943074
1005,1,대방,37.513561,126.926879
1006,1,영등포,37.515272,126.907021
1007,1,신도림,37.509105,126.891516
1015,1,회기,37.589584,127.057846
1016,1,외대앞,37.595375,127.063042
1017,1,신이문,37.601806,127.067323
1018,1,석계,37.614857,127.065743
1019,1,광운대,37.623662,127.061441
1020,1,월계,37.633029,127.058854
1021,1,녹천,37.644692,127.05134
1022,1,창동,37.652775,127.047832
1032,1,신길,37.517055,126.917256
1701,1,구로,37.502205,126.881843
1702,1,가산디지털단지,37.481519,126.88263
1703,1,금천구청,37.455935,126.894249
1714,1,독산,37.466006,126.88953
1801,1,개봉,37.494533,126.859097
1802,1,오류동,37.494407,126.844541
1813,1,구일,37.496209,126.8709
1821,1,온수,37.492459,126.82401
1901,1,방학,37.667579,127.044328
1902,1,도봉,37.679039,127.045483
1903,1,도봉산,37.688909,127.046132
202,2,을지로입구,37.565998,126.982569
203,2,을지로3가,37.566292,126.991773
204,2,을지로4가,37.566611,126.998122
205,2,동대문역사문화공원,37.565609,127.009083
206,2,신당,37.565681,127.019488
207,2,상왕십리,37.564504,127.028872
208,2,왕십리,37.561159,127.035505
209,2,한양대,37.55658,127.043504
210,2,뚝섬,37.54718,127.047413
211,2,성수,37.544628,127.055983
212,2,건대입구,37.540408,127.069231
213,2,구의,37.536857,127.085024
214,2,강변,37.535161,127.094684
215,2,잠실나루,37.520688,127.103836
216,2,잠실,37.513305,127.100129
217,2,잠실새내,37.520731,127.103738
218,2,종합운동장,37.511008,127.073641
219,2,삼성,37.508827,127.063203
220,2,선릉,37.504257,127.048174
221,2,역삼,37.500658,127.03643
222,2,강남,37.497958,127.027539
223,2,교대,37.493957,127.014631
224,2,서초,37.49191,127.007945
225,2,방배,37.481469,126.997627
226,2,사당,37.476536,126.981631
227,2,낙성대,37.47693,126.963783
228,2,서울대입구,37.481233,126.952745
229,2,봉천,37.482416,126.941896
230,2,신림,37.484216,126.929573
231,2,신대방,37.487534,126.913279
232,2,구로디지털단지,37.485005,126.902626
233,2,대림,37.492426,126.895293
235,2,문래,37.517993,126.894766
236,2,영등포구청,37.525766,126.896627
237,2,당산,37.533877,126.902011
238,2,합정,37.550025,126.914557
239,2,홍대입구,37.556748,126.923643
240,2,신촌,37.555153,126.93689
241,2,이대,37.556734,126.945897
242,2,아현,37.557407,126.956079
243,2,충정로,37.559742,126.964455
244,2,용답,37.566412,126.977863
245,2,신답,37.56147,127.056348
247,2,도림천,37.514759,126.882586
248,2,양천구청,37.512194,126.865193
249,2,신정네거리,37.520218,126.852849
250,2,용두,37.574012,127.03811
234-4,2,까치산,37.53181,126.846706
309,3,지축,37.648281,126.912551
310,3,구파발,37.636612,126.918827
311,3,연신내,37.618855,126.920859
312,3,불광,37.610554,126.929843
313,3,녹번,37.600882,126.935758
314,3,홍제,37.588851,126.944092
315,3,무악재,37.582658,126.950131
316,3,독립문,37.574534,126.957902
317,3,경복궁,37.575844,126.973576
318,3,안국,37.576562,126.98547
321,3,충무로,37.561302,126.995473
322,3,동대입구,37.55816,127.005273
323,3,약수,37.554674,127.010628
324,3,금호,37.548269,127.015785
325,3,옥수,37.541653,127.017303
326,3,압구정,37.526169,127.028502
327,3,신사,37.516438,127.020247
328,3,잠원,37.512989,127.011613
329,3,고속터미널,37.504953,127.004916
331,3,남부터미널,37.48494,127.016289
332,3,양재,37.48466,127.03513
333,3,매봉,37.487114,127.046907
334,3,도곡,37.491129,127.055694
335,3,대치,37.494601,127.063449
336,3,학여울,37.496757,127.070541
337,3,대청,37.493607,127.079526
338,3,일원,37.48389,127.08416
339,3,수서,37.487507,127.101324
340,3,가락시장,37.492368,127.118101
341,3,경찰병원,37.495754,127.124198
342,3,오금,37.502288,127.128344
409,4,당고개,37.66956,127.078404
410,4,상계,37.660576,127.073199
411,4,노원,37.656274,127.063183
413,4,쌍문,37.648274,127.034381
414,4,수유,37.637127,127.024731
415,4,미아,37.626435,127.026151
416,4,미아사거리,37.613276,127.030083
417,4,길음,37.604087,127.025353
418,4,성신여대입구,37.592782,127.017338
419,4,한성대입구,37.58838,127.006751
420,4,혜화,37.582116,127.001759
424,4,명동,37.561055,126.988271
425,4,회현,37.559698,126.979565
427,4,숙대입구,37.545124,126.971952
428,4,삼각지,37.535057,126.973354
429,4,신용산,37.52919,126.96858
430,4,이촌,37.522525,126.97335
431,4,동작,37.503567,126.980171
432,4,총신대입구,37.487431,126.982232
434,4,남태령,37.464339,126.989081
2511,5,방화,37.577669,126.812822
2512,5,개화산,37.572458,126.806838
2513,5,김포공항,37.56217,126.801273
2514,5,송정,37.561411,126.812052
2515,5,마곡,37.562182,126.82693
2516,5,발산,37.562182,126.82693
2517,5,우장산,37.548864,126.83633
2518,5,화곡,37.541585,126.840436
2520,5,신정,37.525001,126.856176
2521,5,목동,37.526088,126.864296
2522,5,오목교,37.524557,126.875049
2523,5,양평,37.525614,126.886177
2525,5,영등포시장,37.52272,126.905131
2527,5,여의도,37.521578,126.924318
2528,5,여의나루,37.527145,126.932807
2529,5,마포,37.539718,126.946043
2530,5,공덕,37.544005,126.951058
2531,5,애오개,37.553592,126.956733
2533,5,서대문,37.565812,126.966639
2534,5,광화문,37.570545,126.976568
2538,5,청구,37.560237,127.01379
2539,5,신금호,37.554504,127.020403
2540,5,행당,37.557297,127.029482
2542,5,마장,37.566066,127.042921
2543,5,답십리,37.566833,127.05266
2544,5,장한평,37.561438,127.064601
2545,5,군자,37.557102,127.079559
2546,5,아차산,37.552005,127.089609
2547,5,광나루,37.545301,127.103478
2548,5,천호,37.538566,127.123539
2549,5,강동,37.53581,127.13249
2550,5,길동,37.538022,127.140085
2551,5,굽은다리,37.545442,127.142844
2552,5,명일,37.551317,127.144002
2553,5,고덕,37.555002,127.154214
2554,5,상일동,37.556714,127.166381
2555,5,둔촌동,37.527787,127.136219
2556,5,올림픽공원,37.516217,127.130957
2557,5,방이,37.508752,127.126054
2559,5,개롱,37.498097,127.134817
2560,5,거여,37.493208,127.143983
2561,5,마천,37.494972,127.152784
2562,5,강일,37.557521,127.176018
2563,5,미사,37.56329,127.192954
2564,5,하남풍산,37.552201,127.203897
2565,5,하남시청,37.541723,127.206901
2566,5,하남검단산,37.539729,127.223427
2611,6,응암,37.59859,126.915583
2612,6,역촌,37.60605,126.922764
2614,6,독바위,37.618413,126.933035
2616,6,구산,37.611223,126.917246
2617,6,새절,37.591148,126.913613
2618,6,증산,37.583989,126.909785
2619,6,디지털미디어시티,37.577005,126.898643
2620,6,월드컵경기장,37.569439,126.899077
2621,6,마포구청,37.563535,126.903326
2622,6,망원,37.556031,126.910129
2624,6,상수,37.547704,126.92292
2625,6,광흥창,37.547464,126.931971
2626,6,대흥,37.547732,126.942214
2628,6,효창공원앞,37.539279,126.961348
2630,6,녹사평,37.53469,126.98665
2631,6,이태원,37.534485,126.994369
2632,6,한강진,37.53956,127.001729
2633,6,버티고개,37.547933,127.006948
2638,6,창신,37.579772,127.015246
2639,6,보문,37.585293,127.019377
2640,6,안암,37.586261,127.02903
2641,6,고려대,37.59034,127.03626
2642,6,월곡,37.60192,127.041492
2643,6,상월곡,37.606392,127.048509
2644,6,돌곶이,37.610522,127.056419
2646,6,태릉입구,37.617319,127.074741
2647,6,화랑대,37.619875,127.084106
2648,6,봉화산,37.617293,127.091375
2649,6,신내,37.612571,127.104326
2711,7,장암,37.70015,127.053126
2713,7,수락산,37.677804,127.055314
2714,7,마들,37.664985,127.057701
2716,7,중계,37.645052,127.064084
2717,7,하계,37.636363,127.067999
2718,7,공릉,37.625642,127.072969
2720,7,먹골,37.610638,127.077719
2721,7,중화,37.602604,127.079254
2722,7,상봉,37.595673,127.085708
2723,7,면목,37.588671,127.087503
2724,7,사가정,37.580912,127.088502
2725,7,용마산,37.573752,127.086802
2726,7,중곡,37.565877,127.084291
2728,7,어린이대공원,37.547962,127.07465
2730,7,뚝섬유원지,37.531558,127.066714
2731,7,청담,37.519097,127.051851
2732,7,강남구청,37.517185,127.04122
2733,7,학동,37.514262,127.031738
2734,7,논현,37.511108,127.021385
2735,7,반포,37.508171,127.011717
2737,7,내방,37.48764,126.993541
2738,7,이수,37.485306,126.981654
2739,7,남성,37.484688,126.971108
2740,7,숭실대입구,37.496258,126.953649
2741,7,상도,37.50279,126.947949
2742,7,장승배기,37.504845,126.939025
2743,7,신대방삼거리,37.499717,126.928218
2744,7,보라매,37.499916,126.920112
2745,7,신풍,37.500107,126.909806
2747,7,남구로,37.486181,126.887372
2749,7,철산,37.47616,126.868217
2750,7,광명사거리,37.47927,126.854854
2751,7,천왕,37.486699,126.838684
2811,8,암사,37.550127,127.127521
2813,8,강동구청,37.530348,127.120461
2814,8,몽촌토성,37.517692,127.11274
2816,8,석촌,37.505396,127.106995
2817,8,송파,37.49978,127.11212
2819,8,문정,37.485931,127.122473
2820,8,장지,37.478609,127.126229
2821,8,복정,37.471016,127.126746
2822,8,산성,37.456886,127.149927
2823,8,남한산성입구,37.451568,127.159845
2824,8,단대오거리,37.445057,127.156735
2825,8,신흥,37.440952,127.14759
2826,8,수진,37.437575,127.140936
2827,8,모란,37.433888,127.129921
2828,8,남위례,37.462839,127.139047
